Param;Value;Std Dev
a;0.0273556918457;0.000402402942829
b;3.7892119894;0.0668957066611