Param;Value;Std Dev
a;0.014160481132;0.00584539560705
b;4.62795766988;0.794147810184